{
    "FileType": "HillTau",
    "Version": "1.0",
    "Author": "US Bhalla, mapping to D4 model adapted from Nisha Viswan",
    "Description": "EGF stimulation of MAPK",
    "QuantityUnits": "uM",
    "Comment": "Time units are seconds",
    "Groups": {
        "EGFR_g": {
            "Species": {
                "EGFR": 0.3338,
                "egf": 8.426e-06,
                "aEGFR": 0.001
            },
            "Reacs": {
                "intEGFR": {
                    "tau": 2846.815802131623,
                    "KA": 0.0542158205686033,
                    "subs": [
                        "aEGFR"
                    ]
                },
                "aEGFR": {
                    "tau": 38.403615955377816,
                    "KA": 0.01467,
                    "baseline": 0.002448,
                    "Kmod": 0.01307,
                    "Nmod": 1,
                    "Amod": 1.608089475321537e-07,
                    "subs": [
                        "EGFR",
                        "intEGFR",
                        "egf"
                    ]
                }
            }
        },
        "SHC_g": {
            "Species": {
                "SHC": 0.9464
            },
            "Reacs": {
                "aSHC": {
                    "tau2": 2.994469708279534,
                    "tau": 31.24635936235347,
                    "KA": 0.02729,
                    "subs": [
                        "SHC",
                        "aEGFR",
                        "aEGFR"
                    ]
                }
            }
        },
        "Ras_g": {
            "Species": {
                "Ras": 0.3442,
                "Sos": 0.4584,
                "aRas": 0.003596,
                "aSos": 0.001
            },
            "Reacs": {
                "aSos": {
                    "tau": 26.43373104594651,
                    "KA": 0.06955,
                    "baseline": 0.001894,
                    "subs": [
                        "Sos",
                        "aMAPK",
                        "aSHC",
                        "aSHC"
                    ],
                    "Kmod": 0.001453,
                    "Nmod": 2.0,
                    "Amod": 0.005904315465943441
                },
                "aRas": {
                    "tau": 35.092541629144634,
                    "KA": 0.1542,
                    "baseline": 0.00113,
                    "subs": [
                        "Ras",
                        "aSos"
                    ]
                }
            }
        },
        "MAPK_g": {
            "Species": {
                "MAPK": 0.2363,
                "craf1": 0.1701,
                "aMAPK": 0.0013,
                "acraf1": 0.003545
            },
            "Reacs": {
                "aMAPK": {
                    "tau": 29.270665520747116,
                    "KA": 0.1239,
                    "baseline": 0.0008933,
                    "subs": [
                        "MAPK",
                        "acraf1",
                        "acraf1"
                    ]
                },
                "acraf1": {
                    "tau": 37.52793458027154,
                    "KA": 0.2291,
                    "baseline": 0.001031,
                    "subs": [
                        "craf1",
                        "aRas",
                        "aRas"
                    ]
                }
            }
        }
    },
    "Constants": {
        "PRas": 0.125,
        "PSHC": 0.3
    }
}