{
    "FileType": "HillTau",
    "Version": "1.0",
    "Author": "US Bhalla, mapping to D4 model adapted from Nisha Viswan",
    "Description": "EGF stimulation of MAPK",
    "QuantityUnits": "uM",
    "Comment": "Time units are seconds",
    "Groups": {
        "EGFR_g": {
            "Species": {
                "EGFR": 0.2316,
                "egf": 1.305e-05,
                "aEGFR": 0.001
            },
            "Reacs": {
                "intEGFR": {
                    "tau": 896.4132997227237,
                    "KA": 0.04073808367026278,
                    "subs": [
                        "aEGFR"
                    ]
                },
                "aEGFR": {
                    "tau": 130.3231578079252,
                    "KA": 0.01887,
                    "baseline": 0.001693,
                    "Kmod": 0.05793,
                    "Nmod": 1,
                    "Amod": 1.0320324146321786e-07,
                    "subs": [
                        "EGFR",
                        "intEGFR",
                        "egf"
                    ]
                }
            }
        },
        "SHC_g": {
            "Species": {
                "SHC": 0.4352
            },
            "Reacs": {
                "aSHC": {
                    "tau2": 1.7486228259914216,
                    "tau": 17.882761343831575,
                    "KA": 0.02581,
                    "subs": [
                        "SHC",
                        "aEGFR",
                        "aEGFR"
                    ]
                }
            }
        },
        "Ras_g": {
            "Species": {
                "Ras": 0.2507,
                "Sos": 0.1643,
                "aRas": 0.003596,
                "aSos": 0.001
            },
            "Reacs": {
                "aSos": {
                    "tau": 54.758594507767825,
                    "KA": 0.09156,
                    "baseline": 0.00102,
                    "subs": [
                        "Sos",
                        "aMAPK",
                        "aSHC",
                        "aSHC"
                    ],
                    "Kmod": 0.003029,
                    "Nmod": 2.0,
                    "Amod": 0.008316858721192814
                },
                "aRas": {
                    "tau": 10.013812668230845,
                    "KA": 0.1831,
                    "baseline": 0.002001,
                    "subs": [
                        "Ras",
                        "aSos"
                    ]
                }
            }
        },
        "MAPK_g": {
            "Species": {
                "MAPK": 0.212,
                "craf1": 0.5297,
                "aMAPK": 0.0013,
                "acraf1": 0.003545
            },
            "Reacs": {
                "aMAPK": {
                    "tau": 204.80339027306243,
                    "KA": 0.08693,
                    "baseline": 0.000291,
                    "subs": [
                        "MAPK",
                        "acraf1",
                        "acraf1"
                    ]
                },
                "acraf1": {
                    "tau": 34.6810608567134,
                    "KA": 0.1208,
                    "baseline": 0.002992,
                    "subs": [
                        "craf1",
                        "aRas",
                        "aRas"
                    ]
                }
            }
        }
    },
    "Constants": {
        "PRas": 0.125,
        "PSHC": 0.3
    }
}