{
    "FileType": "HillTau",
    "Version": "1.0",
    "Author": "US Bhalla, mapping to D4 model adapted from Nisha Viswan",
    "Description": "EGF stimulation of MAPK",
    "QuantityUnits": "uM",
    "Comment": "Time units are seconds",
    "Groups": {
        "EGFR_g": {
            "Species": {
                "EGFR": 0.2343,
                "egf": 2.142e-05,
                "aEGFR": 0.001
            },
            "Reacs": {
                "intEGFR": {
                    "tau": 1015.9001084016107,
                    "KA": 0.03751695610879566,
                    "subs": [
                        "aEGFR"
                    ]
                },
                "aEGFR": {
                    "tau": 84.23730546293653,
                    "KA": 0.01146,
                    "baseline": 0.00197,
                    "Kmod": 0.03915,
                    "Nmod": 1,
                    "Amod": 7.447866071186897e-08,
                    "subs": [
                        "EGFR",
                        "intEGFR",
                        "egf"
                    ]
                }
            }
        },
        "SHC_g": {
            "Species": {
                "SHC": 0.256
            },
            "Reacs": {
                "aSHC": {
                    "tau2": 10.952429546654379,
                    "tau": 35.8573337322954,
                    "KA": 0.01705,
                    "subs": [
                        "SHC",
                        "aEGFR",
                        "aEGFR"
                    ]
                }
            }
        },
        "Ras_g": {
            "Species": {
                "Ras": 2.107,
                "Sos": 2.218,
                "aRas": 0.003596,
                "aSos": 0.001
            },
            "Reacs": {
                "aSos": {
                    "tau": 8.314402259221271,
                    "KA": 0.06368,
                    "baseline": 0.0009502,
                    "subs": [
                        "Sos",
                        "aMAPK",
                        "aSHC",
                        "aSHC"
                    ],
                    "Kmod": 0.00111,
                    "Nmod": 2.0,
                    "Amod": 0.002363430429532077
                },
                "aRas": {
                    "tau": 27.25774999798934,
                    "KA": 0.1552,
                    "baseline": 0.002279,
                    "subs": [
                        "Ras",
                        "aSos"
                    ]
                }
            }
        },
        "MAPK_g": {
            "Species": {
                "MAPK": 1.873,
                "craf1": 0.09476,
                "aMAPK": 0.0013,
                "acraf1": 0.003545
            },
            "Reacs": {
                "aMAPK": {
                    "tau": 19.93878527698016,
                    "KA": 0.1017,
                    "baseline": 0.000868,
                    "subs": [
                        "MAPK",
                        "acraf1",
                        "acraf1"
                    ]
                },
                "acraf1": {
                    "tau": 17.462489868444386,
                    "KA": 0.6644,
                    "baseline": 0.003073,
                    "subs": [
                        "craf1",
                        "aRas",
                        "aRas"
                    ]
                }
            }
        }
    },
    "Constants": {
        "PRas": 0.125,
        "PSHC": 0.3
    }
}