{
    "FileType": "HillTau",
    "Version": "1.0",
    "Author": "US Bhalla, mapping to D4 model adapted from Nisha Viswan",
    "Description": "EGF stimulation of MAPK",
    "QuantityUnits": "uM",
    "Comment": "Time units are seconds",
    "Groups": {
        "EGFR_g": {
            "Species": {
                "EGFR": 0.2939,
                "egf": 6.875e-06,
                "aEGFR": 0.001
            },
            "Reacs": {
                "intEGFR": {
                    "tau": 2733.2052397923308,
                    "KA": 0.0263016574077145,
                    "subs": [
                        "aEGFR"
                    ]
                },
                "aEGFR": {
                    "tau": 68.49717045889373,
                    "KA": 0.01352,
                    "baseline": 0.001759,
                    "Kmod": 0.02422,
                    "Nmod": 1,
                    "Amod": 7.176747031151333e-08,
                    "subs": [
                        "EGFR",
                        "intEGFR",
                        "egf"
                    ]
                }
            }
        },
        "SHC_g": {
            "Species": {
                "SHC": 0.4381
            },
            "Reacs": {
                "aSHC": {
                    "tau2": 4.89915171054337,
                    "tau": 31.502883368075814,
                    "KA": 0.01553,
                    "subs": [
                        "SHC",
                        "aEGFR",
                        "aEGFR"
                    ]
                }
            }
        },
        "Ras_g": {
            "Species": {
                "Ras": 1.346,
                "Sos": 0.6803,
                "aRas": 0.003596,
                "aSos": 0.001
            },
            "Reacs": {
                "aSos": {
                    "tau": 5.045637803580369,
                    "KA": 0.1488,
                    "baseline": 0.0008827,
                    "subs": [
                        "Sos",
                        "aMAPK",
                        "aSHC",
                        "aSHC"
                    ],
                    "Kmod": 0.003922,
                    "Nmod": 2.0,
                    "Amod": 0.0038784201828543623
                },
                "aRas": {
                    "tau": 49.46034335270427,
                    "KA": 0.09449,
                    "baseline": 0.0003018,
                    "subs": [
                        "Ras",
                        "aSos"
                    ]
                }
            }
        },
        "MAPK_g": {
            "Species": {
                "MAPK": 0.5673,
                "craf1": 0.281,
                "aMAPK": 0.0013,
                "acraf1": 0.003545
            },
            "Reacs": {
                "aMAPK": {
                    "tau": 55.41518016029541,
                    "KA": 0.2502,
                    "baseline": 0.003715,
                    "subs": [
                        "MAPK",
                        "acraf1",
                        "acraf1"
                    ]
                },
                "acraf1": {
                    "tau": 42.89457941439876,
                    "KA": 0.2555,
                    "baseline": 0.004112,
                    "subs": [
                        "craf1",
                        "aRas",
                        "aRas"
                    ]
                }
            }
        }
    },
    "Constants": {
        "PRas": 0.125,
        "PSHC": 0.3
    }
}