{
    "FileType": "HillTau",
    "Version": "1.0",
    "Author": "US Bhalla, mapping to D4 model adapted from Nisha Viswan",
    "Description": "EGF stimulation of MAPK",
    "QuantityUnits": "uM",
    "Comment": "Time units are seconds",
    "Groups": {
        "EGFR_g": {
            "Species": {
                "EGFR": 0.08588,
                "egf": 1.772e-05,
                "aEGFR": 0.001
            },
            "Reacs": {
                "intEGFR": {
                    "tau": 1907.407981630315,
                    "KA": 0.048668457027906335,
                    "subs": [
                        "aEGFR"
                    ]
                },
                "aEGFR": {
                    "tau": 80.48839879822938,
                    "KA": 0.003724,
                    "baseline": 0.002011,
                    "Kmod": 0.01593,
                    "Nmod": 1,
                    "Amod": 3.443841796812546e-07,
                    "subs": [
                        "EGFR",
                        "intEGFR",
                        "egf"
                    ]
                }
            }
        },
        "SHC_g": {
            "Species": {
                "SHC": 0.8436
            },
            "Reacs": {
                "aSHC": {
                    "tau2": 1.3152974060378813,
                    "tau": 20.833111072210606,
                    "KA": 0.04812,
                    "subs": [
                        "SHC",
                        "aEGFR",
                        "aEGFR"
                    ]
                }
            }
        },
        "Ras_g": {
            "Species": {
                "Ras": 3.379,
                "Sos": 0.2023,
                "aRas": 0.003596,
                "aSos": 0.001
            },
            "Reacs": {
                "aSos": {
                    "tau": 18.028328999318532,
                    "KA": 0.05334,
                    "baseline": 0.001214,
                    "subs": [
                        "Sos",
                        "aMAPK",
                        "aSHC",
                        "aSHC"
                    ],
                    "Kmod": 0.002046,
                    "Nmod": 2.0,
                    "Amod": 0.002279770342327559
                },
                "aRas": {
                    "tau": 9.842986295706307,
                    "KA": 0.1745,
                    "baseline": 0.009577,
                    "subs": [
                        "Ras",
                        "aSos"
                    ]
                }
            }
        },
        "MAPK_g": {
            "Species": {
                "MAPK": 0.3658,
                "craf1": 0.1043,
                "aMAPK": 0.0013,
                "acraf1": 0.003545
            },
            "Reacs": {
                "aMAPK": {
                    "tau": 10.040200487566958,
                    "KA": 0.086,
                    "baseline": 0.0004985,
                    "subs": [
                        "MAPK",
                        "acraf1",
                        "acraf1"
                    ]
                },
                "acraf1": {
                    "tau": 23.68029192300244,
                    "KA": 0.6034,
                    "baseline": 0.0009151,
                    "subs": [
                        "craf1",
                        "aRas",
                        "aRas"
                    ]
                }
            }
        }
    },
    "Constants": {
        "PRas": 0.125,
        "PSHC": 0.3
    }
}