{
    "FileType": "HillTau",
    "Version": "1.0",
    "Author": "US Bhalla, mapping to D4 model adapted from Nisha Viswan",
    "Description": "EGF stimulation of MAPK",
    "QuantityUnits": "uM",
    "Comment": "Time units are seconds",
    "Groups": {
        "EGFR_g": {
            "Species": {
                "EGFR": 0.1717,
                "egf": 1.035e-05,
                "aEGFR": 0.001
            },
            "Reacs": {
                "intEGFR": {
                    "tau": 562.8203644791957,
                    "KA": 0.1659322826222999,
                    "subs": [
                        "aEGFR"
                    ]
                },
                "aEGFR": {
                    "tau": 87.28826138257124,
                    "KA": 0.008399,
                    "baseline": 0.001221,
                    "Kmod": 0.01409,
                    "Nmod": 1,
                    "Amod": 2.521658574139248e-07,
                    "subs": [
                        "EGFR",
                        "intEGFR",
                        "egf"
                    ]
                }
            }
        },
        "SHC_g": {
            "Species": {
                "SHC": 0.09499
            },
            "Reacs": {
                "aSHC": {
                    "tau2": 6.0695100331197835,
                    "tau": 22.502929636723863,
                    "KA": 0.001887,
                    "subs": [
                        "SHC",
                        "aEGFR",
                        "aEGFR"
                    ]
                }
            }
        },
        "Ras_g": {
            "Species": {
                "Ras": 0.5473,
                "Sos": 0.09805,
                "aRas": 0.003596,
                "aSos": 0.001
            },
            "Reacs": {
                "aSos": {
                    "tau": 58.61371992341004,
                    "KA": 0.1008,
                    "baseline": 0.0005596,
                    "subs": [
                        "Sos",
                        "aMAPK",
                        "aSHC",
                        "aSHC"
                    ],
                    "Kmod": 0.001602,
                    "Nmod": 2.0,
                    "Amod": 0.007062522049377317
                },
                "aRas": {
                    "tau": 61.56495720102764,
                    "KA": 0.1289,
                    "baseline": 0.00367,
                    "subs": [
                        "Ras",
                        "aSos"
                    ]
                }
            }
        },
        "MAPK_g": {
            "Species": {
                "MAPK": 0.3175,
                "craf1": 0.4383,
                "aMAPK": 0.0013,
                "acraf1": 0.003545
            },
            "Reacs": {
                "aMAPK": {
                    "tau": 63.63410934889652,
                    "KA": 0.5313,
                    "baseline": 0.0003879,
                    "subs": [
                        "MAPK",
                        "acraf1",
                        "acraf1"
                    ]
                },
                "acraf1": {
                    "tau": 45.78864174630176,
                    "KA": 0.05218,
                    "baseline": 0.0009623,
                    "subs": [
                        "craf1",
                        "aRas",
                        "aRas"
                    ]
                }
            }
        }
    },
    "Constants": {
        "PRas": 0.125,
        "PSHC": 0.3
    }
}