{
    "FileType": "HillTau",
    "Version": "1.0",
    "Author": "US Bhalla, mapping to D4 model adapted from Nisha Viswan",
    "Description": "EGF stimulation of MAPK",
    "QuantityUnits": "uM",
    "Comment": "Time units are seconds",
    "Groups": {
        "EGFR_g": {
            "Species": {
                "EGFR": 0.1159,
                "egf": 2.221e-06,
                "aEGFR": 0.001
            },
            "Reacs": {
                "intEGFR": {
                    "tau": 1938.9456224938501,
                    "KA": 0.07890193331967774,
                    "subs": [
                        "aEGFR"
                    ]
                },
                "aEGFR": {
                    "tau": 72.29595675967502,
                    "KA": 0.004035,
                    "baseline": 0.001216,
                    "Kmod": 0.009941,
                    "Nmod": 1,
                    "Amod": 8.587088556127402e-08,
                    "subs": [
                        "EGFR",
                        "intEGFR",
                        "egf"
                    ]
                }
            }
        },
        "SHC_g": {
            "Species": {
                "SHC": 0.05478
            },
            "Reacs": {
                "aSHC": {
                    "tau2": 0.5665959682654815,
                    "tau": 23.161907985151032,
                    "KA": 0.001792,
                    "subs": [
                        "SHC",
                        "aEGFR",
                        "aEGFR"
                    ]
                }
            }
        },
        "Ras_g": {
            "Species": {
                "Ras": 0.3058,
                "Sos": 0.3739,
                "aRas": 0.003596,
                "aSos": 0.001
            },
            "Reacs": {
                "aSos": {
                    "tau": 75.33260035231021,
                    "KA": 0.08364,
                    "baseline": 0.0006361,
                    "subs": [
                        "Sos",
                        "aMAPK",
                        "aSHC",
                        "aSHC"
                    ],
                    "Kmod": 0.003879,
                    "Nmod": 2.0,
                    "Amod": 0.009901332431571598
                },
                "aRas": {
                    "tau": 36.85525649388468,
                    "KA": 0.1014,
                    "baseline": 0.0003414,
                    "subs": [
                        "Ras",
                        "aSos"
                    ]
                }
            }
        },
        "MAPK_g": {
            "Species": {
                "MAPK": 0.6604,
                "craf1": 0.1771,
                "aMAPK": 0.0013,
                "acraf1": 0.003545
            },
            "Reacs": {
                "aMAPK": {
                    "tau": 62.30360059147847,
                    "KA": 0.1366,
                    "baseline": 0.001113,
                    "subs": [
                        "MAPK",
                        "acraf1",
                        "acraf1"
                    ]
                },
                "acraf1": {
                    "tau": 65.88990477273367,
                    "KA": 0.07961,
                    "baseline": 0.002053,
                    "subs": [
                        "craf1",
                        "aRas",
                        "aRas"
                    ]
                }
            }
        }
    },
    "Constants": {
        "PRas": 0.125,
        "PSHC": 0.3
    }
}