{
    "FileType": "HillTau",
    "Version": "1.0",
    "Author": "US Bhalla, mapping to D4 model adapted from Nisha Viswan",
    "Description": "EGF stimulation of MAPK",
    "QuantityUnits": "uM",
    "Comment": "Time units are seconds",
    "Groups": {
        "EGFR_g": {
            "Species": {
                "EGFR": 0.4048,
                "egf": 7.403e-06,
                "aEGFR": 0.001
            },
            "Reacs": {
                "intEGFR": {
                    "tau": 719.1909068116456,
                    "KA": 0.009254506720620061,
                    "subs": [
                        "aEGFR"
                    ]
                },
                "aEGFR": {
                    "tau": 114.49109894715039,
                    "KA": 0.01493,
                    "baseline": 0.001068,
                    "Kmod": 0.1238,
                    "Nmod": 1,
                    "Amod": 9.157897162688856e-08,
                    "subs": [
                        "EGFR",
                        "intEGFR",
                        "egf"
                    ]
                }
            }
        },
        "SHC_g": {
            "Species": {
                "SHC": 1.337
            },
            "Reacs": {
                "aSHC": {
                    "tau2": 2.8511449910120112,
                    "tau": 6.405350457713643,
                    "KA": 0.07246,
                    "subs": [
                        "SHC",
                        "aEGFR",
                        "aEGFR"
                    ]
                }
            }
        },
        "Ras_g": {
            "Species": {
                "Ras": 0.9563,
                "Sos": 0.07189,
                "aRas": 0.003596,
                "aSos": 0.001
            },
            "Reacs": {
                "aSos": {
                    "tau": 19.379312262643953,
                    "KA": 0.0385,
                    "baseline": 0.0002532,
                    "subs": [
                        "Sos",
                        "aMAPK",
                        "aSHC",
                        "aSHC"
                    ],
                    "Kmod": 0.0008187,
                    "Nmod": 2.0,
                    "Amod": 0.007961985796672576
                },
                "aRas": {
                    "tau": 26.47568573940022,
                    "KA": 0.007707,
                    "baseline": 0.0008384,
                    "subs": [
                        "Ras",
                        "aSos"
                    ]
                }
            }
        },
        "MAPK_g": {
            "Species": {
                "MAPK": 0.147,
                "craf1": 0.1103,
                "aMAPK": 0.0013,
                "acraf1": 0.003545
            },
            "Reacs": {
                "aMAPK": {
                    "tau": 35.92109373188035,
                    "KA": 0.138,
                    "baseline": 0.0004626,
                    "subs": [
                        "MAPK",
                        "acraf1",
                        "acraf1"
                    ]
                },
                "acraf1": {
                    "tau": 41.29194319519717,
                    "KA": 0.4025,
                    "baseline": 0.001215,
                    "subs": [
                        "craf1",
                        "aRas",
                        "aRas"
                    ]
                }
            }
        }
    },
    "Constants": {
        "PRas": 0.125,
        "PSHC": 0.3
    }
}