{
    "FileType": "HillTau",
    "Version": "1.0",
    "Author": "US Bhalla, mapping to D4 model adapted from Nisha Viswan",
    "Description": "EGF stimulation of MAPK",
    "QuantityUnits": "uM",
    "Comment": "Time units are seconds",
    "Groups": {
        "EGFR_g": {
            "Species": {
                "EGFR": 0.5231,
                "egf": 7.039e-06,
                "aEGFR": 0.001
            },
            "Reacs": {
                "intEGFR": {
                    "tau": 816.7325931643949,
                    "KA": 0.3573041573267109,
                    "subs": [
                        "aEGFR"
                    ]
                },
                "aEGFR": {
                    "tau": 117.47566670191391,
                    "KA": 0.01851,
                    "baseline": 0.001078,
                    "Kmod": 0.002748,
                    "Nmod": 1,
                    "Amod": 4.4617738462311766e-08,
                    "subs": [
                        "EGFR",
                        "intEGFR",
                        "egf"
                    ]
                }
            }
        },
        "SHC_g": {
            "Species": {
                "SHC": 0.5034
            },
            "Reacs": {
                "aSHC": {
                    "tau2": 0.7937704698535812,
                    "tau": 45.83803892428343,
                    "KA": 0.0206,
                    "subs": [
                        "SHC",
                        "aEGFR",
                        "aEGFR"
                    ]
                }
            }
        },
        "Ras_g": {
            "Species": {
                "Ras": 1.222,
                "Sos": 0.1837,
                "aRas": 0.003596,
                "aSos": 0.001
            },
            "Reacs": {
                "aSos": {
                    "tau": 14.448123349962522,
                    "KA": 0.08159,
                    "baseline": 0.0008168,
                    "subs": [
                        "Sos",
                        "aMAPK",
                        "aSHC",
                        "aSHC"
                    ],
                    "Kmod": 0.00213,
                    "Nmod": 2.0,
                    "Amod": 0.009768472929603648
                },
                "aRas": {
                    "tau": 27.626383012124627,
                    "KA": 0.07183,
                    "baseline": 0.002996,
                    "subs": [
                        "Ras",
                        "aSos"
                    ]
                }
            }
        },
        "MAPK_g": {
            "Species": {
                "MAPK": 0.5575,
                "craf1": 0.1017,
                "aMAPK": 0.0013,
                "acraf1": 0.003545
            },
            "Reacs": {
                "aMAPK": {
                    "tau": 31.901267768126456,
                    "KA": 0.07925,
                    "baseline": 0.001091,
                    "subs": [
                        "MAPK",
                        "acraf1",
                        "acraf1"
                    ]
                },
                "acraf1": {
                    "tau": 48.63261030217003,
                    "KA": 0.4879,
                    "baseline": 0.002613,
                    "subs": [
                        "craf1",
                        "aRas",
                        "aRas"
                    ]
                }
            }
        }
    },
    "Constants": {
        "PRas": 0.125,
        "PSHC": 0.3
    }
}