{
    "FileType": "HillTau",
    "Version": "1.0",
    "Author": "US Bhalla, mapping to D4 model adapted from Nisha Viswan",
    "Description": "EGF stimulation of MAPK",
    "QuantityUnits": "uM",
    "Comment": "Time units are seconds",
    "Groups": {
        "EGFR_g": {
            "Species": {
                "EGFR": 0.1067,
                "egf": 1.786e-05,
                "aEGFR": 0.001
            },
            "Reacs": {
                "intEGFR": {
                    "tau": 824.4612096227124,
                    "KA": 0.05767546178445144,
                    "subs": [
                        "aEGFR"
                    ]
                },
                "aEGFR": {
                    "tau": 79.3375964506854,
                    "KA": 0.004517,
                    "baseline": 0.001296,
                    "Kmod": 0.02902,
                    "Nmod": 1,
                    "Amod": 4.2546945304863664e-08,
                    "subs": [
                        "EGFR",
                        "intEGFR",
                        "egf"
                    ]
                }
            }
        },
        "SHC_g": {
            "Species": {
                "SHC": 0.02089
            },
            "Reacs": {
                "aSHC": {
                    "tau2": 6.013692332127436,
                    "tau": 30.74930469941157,
                    "KA": 0.002118,
                    "subs": [
                        "SHC",
                        "aEGFR",
                        "aEGFR"
                    ]
                }
            }
        },
        "Ras_g": {
            "Species": {
                "Ras": 0.8673,
                "Sos": 0.4586,
                "aRas": 0.003596,
                "aSos": 0.001
            },
            "Reacs": {
                "aSos": {
                    "tau": 58.25766061758618,
                    "KA": 0.01657,
                    "baseline": 0.0009143,
                    "subs": [
                        "Sos",
                        "aMAPK",
                        "aSHC",
                        "aSHC"
                    ],
                    "Kmod": 0.001202,
                    "Nmod": 2.0,
                    "Amod": 0.0077841290394805316
                },
                "aRas": {
                    "tau": 60.43110751521261,
                    "KA": 0.2235,
                    "baseline": 0.001653,
                    "subs": [
                        "Ras",
                        "aSos"
                    ]
                }
            }
        },
        "MAPK_g": {
            "Species": {
                "MAPK": 0.09333,
                "craf1": 0.2332,
                "aMAPK": 0.0013,
                "acraf1": 0.003545
            },
            "Reacs": {
                "aMAPK": {
                    "tau": 47.98615881129886,
                    "KA": 0.1022,
                    "baseline": 0.0002985,
                    "subs": [
                        "MAPK",
                        "acraf1",
                        "acraf1"
                    ]
                },
                "acraf1": {
                    "tau": 52.83334226273599,
                    "KA": 0.1646,
                    "baseline": 0.002026,
                    "subs": [
                        "craf1",
                        "aRas",
                        "aRas"
                    ]
                }
            }
        }
    },
    "Constants": {
        "PRas": 0.125,
        "PSHC": 0.3
    }
}