{
    "FileType": "HillTau",
    "Version": "1.0",
    "Author": "US Bhalla, mapping to D4 model adapted from Nisha Viswan",
    "Description": "EGF stimulation of MAPK",
    "QuantityUnits": "uM",
    "Comment": "Time units are seconds",
    "Groups": {
        "EGFR_g": {
            "Species": {
                "EGFR": 0.6109,
                "egf": 2.033e-05,
                "aEGFR": 0.001
            },
            "Reacs": {
                "intEGFR": {
                    "tau": 844.8839981491647,
                    "KA": 0.02755649652618224,
                    "subs": [
                        "aEGFR"
                    ]
                },
                "aEGFR": {
                    "tau": 115.3571267603654,
                    "KA": 0.02262,
                    "baseline": 0.001119,
                    "Kmod": 0.03521,
                    "Nmod": 1,
                    "Amod": 1.1236049065156884e-07,
                    "subs": [
                        "EGFR",
                        "intEGFR",
                        "egf"
                    ]
                }
            }
        },
        "SHC_g": {
            "Species": {
                "SHC": 0.5135
            },
            "Reacs": {
                "aSHC": {
                    "tau2": 2.405608485377082,
                    "tau": 45.69935052823967,
                    "KA": 0.02066,
                    "subs": [
                        "SHC",
                        "aEGFR",
                        "aEGFR"
                    ]
                }
            }
        },
        "Ras_g": {
            "Species": {
                "Ras": 2.345,
                "Sos": 0.1677,
                "aRas": 0.003596,
                "aSos": 0.001
            },
            "Reacs": {
                "aSos": {
                    "tau": 28.82775960616031,
                    "KA": 0.04682,
                    "baseline": 0.0008021,
                    "subs": [
                        "Sos",
                        "aMAPK",
                        "aSHC",
                        "aSHC"
                    ],
                    "Kmod": 0.001025,
                    "Nmod": 2.0,
                    "Amod": 0.006361453694015299
                },
                "aRas": {
                    "tau": 31.368712867084536,
                    "KA": 0.1684,
                    "baseline": 0.007164,
                    "subs": [
                        "Ras",
                        "aSos"
                    ]
                }
            }
        },
        "MAPK_g": {
            "Species": {
                "MAPK": 0.5706,
                "craf1": 0.1911,
                "aMAPK": 0.0013,
                "acraf1": 0.003545
            },
            "Reacs": {
                "aMAPK": {
                    "tau": 12.802158665098798,
                    "KA": 0.227,
                    "baseline": 0.0006705,
                    "subs": [
                        "MAPK",
                        "acraf1",
                        "acraf1"
                    ]
                },
                "acraf1": {
                    "tau": 45.686869084516545,
                    "KA": 0.5218,
                    "baseline": 0.006568,
                    "subs": [
                        "craf1",
                        "aRas",
                        "aRas"
                    ]
                }
            }
        }
    },
    "Constants": {
        "PRas": 0.125,
        "PSHC": 0.3
    }
}