{
    "FileType": "HillTau",
    "Version": "1.0",
    "Author": "US Bhalla, mapping to D4 model adapted from Nisha Viswan",
    "Description": "EGF stimulation of MAPK",
    "QuantityUnits": "uM",
    "Comment": "Time units are seconds",
    "Groups": {
        "EGFR_g": {
            "Species": {
                "EGFR": 0.1667,
                "egf": 1e-05
            },
            "Reacs": {
                "intEGFR": {
                    "tau": 790.466369826627,
                    "KA": 0.0591575139233874,
                    "subs": [
                        "aEGFR"
                    ]
                },
                "aEGFR": {
                    "tau": 98.02601473239505,
                    "KA": 0.005999,
                    "baseline": 0.000852,
                    "Kmod": 0.01963,
                    "Nmod": 1,
                    "Amod": 1.0593761812696104e-07,
                    "subs": [
                        "EGFR",
                        "intEGFR",
                        "egf"
                    ]
                }
            }
        },
        "SHC_g": {
            "Species": {
                "SHC": 0.6294
            },
            "Reacs": {
                "aSHC": {
                    "tau2": 5.688170417192871,
                    "tau": 24.977508107663123,
                    "KA": 0.0271,
                    "subs": [
                        "SHC",
                        "aEGFR",
                        "aEGFR"
                    ]
                }
            }
        },
        "Ras_g": {
            "Species": {
                "Ras": 0.878,
                "Sos": 0.214
            },
            "Reacs": {
                "aSos": {
                    "tau": 18.871358751550705,
                    "KA": 0.05399,
                    "baseline": 0.001277,
                    "subs": [
                        "Sos",
                        "aMAPK",
                        "aSHC",
                        "aSHC"
                    ],
                    "Kmod": 0.002199,
                    "Nmod": 2.0,
                    "Amod": 0.0066003891365836115
                },
                "aRas": {
                    "tau": 27.39302635962487,
                    "KA": 0.07091,
                    "baseline": 0.004556,
                    "subs": [
                        "Ras",
                        "aSos"
                    ]
                }
            }
        },
        "MAPK_g": {
            "Species": {
                "MAPK": 0.4869,
                "craf1": 0.1338
            },
            "Reacs": {
                "aMAPK": {
                    "tau": 32.204354843447135,
                    "KA": 0.1122,
                    "baseline": 0.001214,
                    "subs": [
                        "MAPK",
                        "acraf1",
                        "acraf1"
                    ]
                },
                "acraf1": {
                    "tau": 38.90327568829519,
                    "KA": 0.4999,
                    "baseline": 0.003534,
                    "subs": [
                        "craf1",
                        "aRas",
                        "aRas"
                    ]
                }
            }
        }
    },
    "Constants": {
        "PRas": 0.125,
        "PSHC": 0.3
    }
}