{
    "FileType": "HillTau",
    "Version": "1.0",
    "Author": "US Bhalla, mapping to D4 model adapted from Nisha Viswan",
    "Description": "EGF stimulation of MAPK",
    "QuantityUnits": "uM",
    "Comment": "Time units are seconds",
    "Groups": {
        "EGFR_g": {
            "Species": {
                "EGFR": 0.1667,
                "egf": 1e-05
            },
            "Reacs": {
                "intEGFR": {
                    "tau": 795.5203544857411,
                    "KA": 0.05984510211991407,
                    "subs": [
                        "aEGFR"
                    ]
                },
                "aEGFR": {
                    "tau": 97.71728239136739,
                    "KA": 0.006005,
                    "baseline": 0.0008675,
                    "Kmod": 0.0197,
                    "Nmod": 1,
                    "Amod": 1.0425267584903042e-07,
                    "subs": [
                        "EGFR",
                        "intEGFR",
                        "egf"
                    ]
                }
            }
        },
        "SHC_g": {
            "Species": {
                "SHC": 0.6297
            },
            "Reacs": {
                "aSHC": {
                    "tau2": 5.451024774126818,
                    "tau": 25.138562890412786,
                    "KA": 0.02696,
                    "subs": [
                        "SHC",
                        "aEGFR",
                        "aEGFR"
                    ]
                }
            }
        },
        "Ras_g": {
            "Species": {
                "Ras": 0.8324,
                "Sos": 0.2089
            },
            "Reacs": {
                "aSos": {
                    "tau": 19.043843772534487,
                    "KA": 0.05255,
                    "baseline": 0.001277,
                    "subs": [
                        "Sos",
                        "aMAPK",
                        "aSHC",
                        "aSHC"
                    ],
                    "Kmod": 0.002241,
                    "Nmod": 2.0,
                    "Amod": 0.0068237703267313606
                },
                "aRas": {
                    "tau": 27.15512099296992,
                    "KA": 0.07141,
                    "baseline": 0.0045,
                    "subs": [
                        "Ras",
                        "aSos"
                    ]
                }
            }
        },
        "MAPK_g": {
            "Species": {
                "MAPK": 0.4915,
                "craf1": 0.135
            },
            "Reacs": {
                "aMAPK": {
                    "tau": 31.917867816921074,
                    "KA": 0.1099,
                    "baseline": 0.001208,
                    "subs": [
                        "MAPK",
                        "acraf1",
                        "acraf1"
                    ]
                },
                "acraf1": {
                    "tau": 38.80397736375111,
                    "KA": 0.488,
                    "baseline": 0.003579,
                    "subs": [
                        "craf1",
                        "aRas",
                        "aRas"
                    ]
                }
            }
        }
    },
    "Constants": {
        "PRas": 0.125,
        "PSHC": 0.3
    }
}