{
    "FileType": "HillTau",
    "Version": "1.0",
    "Author": "US Bhalla, mapping to D4 model adapted from Nisha Viswan",
    "Description": "EGF stimulation of MAPK",
    "QuantityUnits": "uM",
    "Comment": "Time units are seconds",
    "Groups": {
        "EGFR_g": {
            "Species": {
                "EGFR": 0.1667,
                "egf": 1e-05
            },
            "Reacs": {
                "intEGFR": {
                    "tau": 1317.8667385711028,
                    "KA": 0.06018034964925826,
                    "subs": [
                        "aEGFR"
                    ]
                },
                "aEGFR": {
                    "tau": 81.33041969769272,
                    "KA": 0.006836,
                    "baseline": 0.001398,
                    "Kmod": 0.01689,
                    "Nmod": 1,
                    "Amod": 1.2204305846965124e-08,
                    "subs": [
                        "EGFR",
                        "intEGFR",
                        "egf"
                    ]
                }
            }
        },
        "SHC_g": {
            "Species": {
                "SHC": 0.5278
            },
            "Reacs": {
                "aSHC": {
                    "tau2": 5.970885958561301,
                    "tau": 28.834706477451494,
                    "KA": 0.02216,
                    "subs": [
                        "SHC",
                        "aEGFR",
                        "aEGFR"
                    ]
                }
            }
        },
        "Ras_g": {
            "Species": {
                "Ras": 0.6836,
                "Sos": 0.2283
            },
            "Reacs": {
                "aSos": {
                    "tau": 16.11473585267166,
                    "KA": 0.06353,
                    "baseline": 0.001192,
                    "subs": [
                        "Sos",
                        "aMAPK",
                        "aSHC",
                        "aSHC"
                    ],
                    "Kmod": 0.002524,
                    "Nmod": 2.0,
                    "Amod": 0.009050141967268579
                },
                "aRas": {
                    "tau": 24.763891415998494,
                    "KA": 0.1047,
                    "baseline": 0.005585,
                    "subs": [
                        "Ras",
                        "aSos"
                    ]
                }
            }
        },
        "MAPK_g": {
            "Species": {
                "MAPK": 0.4038,
                "craf1": 0.1534
            },
            "Reacs": {
                "aMAPK": {
                    "tau": 34.61647886997846,
                    "KA": 0.1109,
                    "baseline": 0.001363,
                    "subs": [
                        "MAPK",
                        "acraf1",
                        "acraf1"
                    ]
                },
                "acraf1": {
                    "tau": 45.11091093164147,
                    "KA": 0.3482,
                    "baseline": 0.00317,
                    "subs": [
                        "craf1",
                        "aRas",
                        "aRas"
                    ]
                }
            }
        }
    },
    "Constants": {
        "PRas": 0.125,
        "PSHC": 0.3
    }
}