{
    "FileType": "HillTau",
    "Version": "1.0",
    "Author": "US Bhalla, mapping to D4 model adapted from Nisha Viswan",
    "Description": "EGF stimulation of MAPK",
    "QuantityUnits": "uM",
    "Comment": "Time units are seconds",
    "Groups": {
        "EGFR_g": {
            "Species": {
                "EGFR": 0.1667,
                "egf": 1e-05
            },
            "Reacs": {
                "intEGFR": {
                    "tau": 1513.4568656606853,
                    "KA": 0.056466414437556574,
                    "subs": [
                        "aEGFR"
                    ]
                },
                "aEGFR": {
                    "tau": 80.75444153357309,
                    "KA": 0.006836,
                    "baseline": 0.001351,
                    "Kmod": 0.01583,
                    "Nmod": 1,
                    "Amod": 2.2140435882112984e-09,
                    "subs": [
                        "EGFR",
                        "intEGFR",
                        "egf"
                    ]
                }
            }
        },
        "SHC_g": {
            "Species": {
                "SHC": 0.5488
            },
            "Reacs": {
                "aSHC": {
                    "tau2": 5.983192479230589,
                    "tau": 28.75819206827887,
                    "KA": 0.02228,
                    "subs": [
                        "SHC",
                        "aEGFR",
                        "aEGFR"
                    ]
                }
            }
        },
        "Ras_g": {
            "Species": {
                "Ras": 0.6919,
                "Sos": 0.2339
            },
            "Reacs": {
                "aSos": {
                    "tau": 16.50272255643858,
                    "KA": 0.06113,
                    "baseline": 0.001325,
                    "subs": [
                        "Sos",
                        "aMAPK",
                        "aSHC",
                        "aSHC"
                    ],
                    "Kmod": 0.002499,
                    "Nmod": 2.0,
                    "Amod": 0.007649072044333661
                },
                "aRas": {
                    "tau": 24.48562202386189,
                    "KA": 0.1032,
                    "baseline": 0.005502,
                    "subs": [
                        "Ras",
                        "aSos"
                    ]
                }
            }
        },
        "MAPK_g": {
            "Species": {
                "MAPK": 0.3989,
                "craf1": 0.1504
            },
            "Reacs": {
                "aMAPK": {
                    "tau": 37.61519211484491,
                    "KA": 0.1129,
                    "baseline": 0.001322,
                    "subs": [
                        "MAPK",
                        "acraf1",
                        "acraf1"
                    ]
                },
                "acraf1": {
                    "tau": 44.149550132222394,
                    "KA": 0.3596,
                    "baseline": 0.003133,
                    "subs": [
                        "craf1",
                        "aRas",
                        "aRas"
                    ]
                }
            }
        }
    },
    "Constants": {
        "PRas": 0.125,
        "PSHC": 0.3
    }
}