{
    "FileType": "HillTau",
    "Version": "1.0",
    "Author": "US Bhalla, mapping to D4 model adapted from Nisha Viswan",
    "Description": "EGF stimulation of MAPK",
    "QuantityUnits": "uM",
    "Comment": "Time units are seconds",
    "Groups": {
        "EGFR_g": {
            "Species": {
                "EGFR": 0.1667,
                "egf": 1e-05
            },
            "Reacs": {
                "intEGFR": {
                    "tau": 1453.0686603929794,
                    "KA": 0.0553567291464938,
                    "subs": [
                        "aEGFR"
                    ]
                },
                "aEGFR": {
                    "tau": 81.43026565978651,
                    "KA": 0.006846,
                    "baseline": 0.0014,
                    "Kmod": 0.01677,
                    "Nmod": 1,
                    "Amod": 3.954220314621918e-09,
                    "subs": [
                        "EGFR",
                        "intEGFR",
                        "egf"
                    ]
                }
            }
        },
        "SHC_g": {
            "Species": {
                "SHC": 0.5291
            },
            "Reacs": {
                "aSHC": {
                    "tau2": 5.974557424997996,
                    "tau": 28.598875595460292,
                    "KA": 0.02209,
                    "subs": [
                        "SHC",
                        "aEGFR",
                        "aEGFR"
                    ]
                }
            }
        },
        "Ras_g": {
            "Species": {
                "Ras": 0.6843,
                "Sos": 0.2305
            },
            "Reacs": {
                "aSos": {
                    "tau": 15.949313687705803,
                    "KA": 0.06318,
                    "baseline": 0.001201,
                    "subs": [
                        "Sos",
                        "aMAPK",
                        "aSHC",
                        "aSHC"
                    ],
                    "Kmod": 0.002537,
                    "Nmod": 2.0,
                    "Amod": 0.008705341749960368
                },
                "aRas": {
                    "tau": 24.578217306417816,
                    "KA": 0.1045,
                    "baseline": 0.005624,
                    "subs": [
                        "Ras",
                        "aSos"
                    ]
                }
            }
        },
        "MAPK_g": {
            "Species": {
                "MAPK": 0.4028,
                "craf1": 0.153
            },
            "Reacs": {
                "aMAPK": {
                    "tau": 36.98053378768129,
                    "KA": 0.1119,
                    "baseline": 0.001288,
                    "subs": [
                        "MAPK",
                        "acraf1",
                        "acraf1"
                    ]
                },
                "acraf1": {
                    "tau": 44.892791182862425,
                    "KA": 0.3541,
                    "baseline": 0.003169,
                    "subs": [
                        "craf1",
                        "aRas",
                        "aRas"
                    ]
                }
            }
        }
    },
    "Constants": {
        "PRas": 0.125,
        "PSHC": 0.3
    }
}