{
    "FileType": "HillTau",
    "Version": "1.0",
    "Author": "US Bhalla, mapping to D4 model adapted from Nisha Viswan",
    "Description": "EGF stimulation of MAPK",
    "QuantityUnits": "uM",
    "Comment": "Time units are seconds",
    "Groups": {
        "EGFR_g": {
            "Species": {
                "EGFR": 0.6832,
                "egf": 2.895e-06,
                "aEGFR": 0.001
            },
            "Reacs": {
                "intEGFR": {
                    "tau": 820.090332979866,
                    "KA": 0.019285811883750868,
                    "subs": [
                        "aEGFR"
                    ]
                },
                "aEGFR": {
                    "tau": 132.7433245849844,
                    "KA": 0.0194,
                    "baseline": 0.0008284,
                    "Kmod": 0.03703,
                    "Nmod": 1,
                    "Amod": 1.859438942011786e-07,
                    "subs": [
                        "EGFR",
                        "intEGFR",
                        "egf"
                    ]
                }
            }
        },
        "SHC_g": {
            "Species": {
                "SHC": 0.5309
            },
            "Reacs": {
                "aSHC": {
                    "tau2": 4.155860354778839,
                    "tau": 92.79042332873406,
                    "KA": 0.01627,
                    "subs": [
                        "SHC",
                        "aEGFR",
                        "aEGFR"
                    ]
                }
            }
        },
        "Ras_g": {
            "Species": {
                "Ras": 26.13,
                "Sos": 0.2955,
                "aRas": 0.003596,
                "aSos": 0.001
            },
            "Reacs": {
                "aSos": {
                    "tau": 14.467184329812182,
                    "KA": 0.4305,
                    "baseline": 0.007333,
                    "subs": [
                        "Sos",
                        "aMAPK",
                        "aSHC",
                        "aSHC"
                    ],
                    "Kmod": 0.001259,
                    "Nmod": 2.0,
                    "Amod": 0.006950002879602836
                },
                "aRas": {
                    "tau": 201.55587740015886,
                    "KA": 2.035,
                    "baseline": 0.0007879,
                    "subs": [
                        "Ras",
                        "aSos"
                    ]
                }
            }
        },
        "MAPK_g": {
            "Species": {
                "MAPK": 1.087,
                "craf1": 1.722,
                "aMAPK": 0.0013,
                "acraf1": 0.003545
            },
            "Reacs": {
                "aMAPK": {
                    "tau": 133.68234726704415,
                    "KA": 0.5064,
                    "baseline": 9.406e-05,
                    "subs": [
                        "MAPK",
                        "acraf1",
                        "acraf1"
                    ]
                },
                "acraf1": {
                    "tau": 9.032643181816203,
                    "KA": 1.464,
                    "baseline": 0.0006685,
                    "subs": [
                        "craf1",
                        "aRas",
                        "aRas"
                    ]
                }
            }
        }
    },
    "Constants": {
        "PRas": 0.125,
        "PSHC": 0.3
    }
}