{
    "FileType": "HillTau",
    "Version": "1.0",
    "Author": "US Bhalla, mapping to D4 model adapted from Nisha Viswan",
    "Description": "EGF stimulation of MAPK",
    "QuantityUnits": "uM",
    "Comment": "Time units are seconds",
    "Groups": {
        "EGFR_g": {
            "Species": {
                "EGFR": 1.597,
                "egf": 9.601e-06,
                "aEGFR": 0.001
            },
            "Reacs": {
                "intEGFR": {
                    "tau": 1049.5017865925538,
                    "KA": 0.2386651857510471,
                    "subs": [
                        "aEGFR"
                    ]
                },
                "aEGFR": {
                    "tau": 92.98335834924178,
                    "KA": 0.1007,
                    "baseline": 0.001511,
                    "Kmod": 0.00645,
                    "Nmod": 1,
                    "Amod": 5.139359281420762e-07,
                    "subs": [
                        "EGFR",
                        "intEGFR",
                        "egf"
                    ]
                }
            }
        },
        "SHC_g": {
            "Species": {
                "SHC": 0.4226
            },
            "Reacs": {
                "aSHC": {
                    "tau2": 18.370950007197443,
                    "tau": 42.93159079819817,
                    "KA": 0.01407,
                    "subs": [
                        "SHC",
                        "aEGFR",
                        "aEGFR"
                    ]
                }
            }
        },
        "Ras_g": {
            "Species": {
                "Ras": 1.072,
                "Sos": 0.1222,
                "aRas": 0.003596,
                "aSos": 0.001
            },
            "Reacs": {
                "aSos": {
                    "tau": 12.653913957918064,
                    "KA": 0.1436,
                    "baseline": 0.001207,
                    "subs": [
                        "Sos",
                        "aMAPK",
                        "aSHC",
                        "aSHC"
                    ],
                    "Kmod": 0.006126,
                    "Nmod": 2.0,
                    "Amod": 0.03063003617169111
                },
                "aRas": {
                    "tau": 1.2063817097911023,
                    "KA": 0.05675,
                    "baseline": 0.001079,
                    "subs": [
                        "Ras",
                        "aSos"
                    ]
                }
            }
        },
        "MAPK_g": {
            "Species": {
                "MAPK": 1.025,
                "craf1": 0.7523,
                "aMAPK": 0.0013,
                "acraf1": 0.003545
            },
            "Reacs": {
                "aMAPK": {
                    "tau": 37.02962318841086,
                    "KA": 0.1137,
                    "baseline": 0.002957,
                    "subs": [
                        "MAPK",
                        "acraf1",
                        "acraf1"
                    ]
                },
                "acraf1": {
                    "tau": 1.3986549681123202,
                    "KA": 1.019,
                    "baseline": 0.002405,
                    "subs": [
                        "craf1",
                        "aRas",
                        "aRas"
                    ]
                }
            }
        }
    },
    "Constants": {
        "PRas": 0.125,
        "PSHC": 0.3
    }
}