{
    "FileType": "HillTau",
    "Version": "1.0",
    "Author": "US Bhalla, mapping to D4 model adapted from Nisha Viswan",
    "Description": "EGF stimulation of MAPK",
    "QuantityUnits": "uM",
    "Comment": "Time units are seconds",
    "Groups": {
        "EGFR_g": {
            "Species": {
                "EGFR": 4.934,
                "egf": 6.192e-05,
                "aEGFR": 0.001
            },
            "Reacs": {
                "intEGFR": {
                    "tau": 750.4673866051685,
                    "KA": 0.05042252714892534,
                    "subs": [
                        "aEGFR"
                    ]
                },
                "aEGFR": {
                    "tau": 133.57110957379135,
                    "KA": 0.1586,
                    "baseline": 0.0009907,
                    "Kmod": 0.01683,
                    "Nmod": 1,
                    "Amod": 7.809236170200792e-08,
                    "subs": [
                        "EGFR",
                        "intEGFR",
                        "egf"
                    ]
                }
            }
        },
        "SHC_g": {
            "Species": {
                "SHC": 0.03022
            },
            "Reacs": {
                "aSHC": {
                    "tau2": 3.8480507908530344,
                    "tau": 21.370786840248453,
                    "KA": 0.02144,
                    "subs": [
                        "SHC",
                        "aEGFR",
                        "aEGFR"
                    ]
                }
            }
        },
        "Ras_g": {
            "Species": {
                "Ras": 13.29,
                "Sos": 6.374,
                "aRas": 0.003596,
                "aSos": 0.001
            },
            "Reacs": {
                "aSos": {
                    "tau": 19.99659666879417,
                    "KA": 0.05801,
                    "baseline": 0.0001764,
                    "subs": [
                        "Sos",
                        "aMAPK",
                        "aSHC",
                        "aSHC"
                    ],
                    "Kmod": 0.00841,
                    "Nmod": 2.0,
                    "Amod": 0.0009265430057675859
                },
                "aRas": {
                    "tau": 591.2012986608703,
                    "KA": 5.158,
                    "baseline": 0.002608,
                    "subs": [
                        "Ras",
                        "aSos"
                    ]
                }
            }
        },
        "MAPK_g": {
            "Species": {
                "MAPK": 5.62,
                "craf1": 0.1414,
                "aMAPK": 0.0013,
                "acraf1": 0.003545
            },
            "Reacs": {
                "aMAPK": {
                    "tau": 54.63564933728876,
                    "KA": 0.4923,
                    "baseline": 0.003251,
                    "subs": [
                        "MAPK",
                        "acraf1",
                        "acraf1"
                    ]
                },
                "acraf1": {
                    "tau": 4.511116264709161,
                    "KA": 0.0324,
                    "baseline": 6.507e-06,
                    "subs": [
                        "craf1",
                        "aRas",
                        "aRas"
                    ]
                }
            }
        }
    },
    "Constants": {
        "PRas": 0.125,
        "PSHC": 0.3
    }
}