{
    "FileType": "HillTau",
    "Version": "1.0",
    "Author": "US Bhalla, mapping to D4 model adapted from Nisha Viswan",
    "Description": "EGF stimulation of MAPK",
    "QuantityUnits": "uM",
    "Comment": "Time units are seconds",
    "Groups": {
        "EGFR_g": {
            "Species": {
                "EGFR": 0.1501,
                "egf": 1.534e-05,
                "aEGFR": 0.001
            },
            "Reacs": {
                "intEGFR": {
                    "tau": 792.1023103601922,
                    "KA": 0.28227461296468354,
                    "subs": [
                        "aEGFR"
                    ]
                },
                "aEGFR": {
                    "tau": 80.5408166202072,
                    "KA": 0.008313,
                    "baseline": 0.00147,
                    "Kmod": 0.007256,
                    "Nmod": 1,
                    "Amod": 4.2235801271595774e-07,
                    "subs": [
                        "EGFR",
                        "intEGFR",
                        "egf"
                    ]
                }
            }
        },
        "SHC_g": {
            "Species": {
                "SHC": 3.068
            },
            "Reacs": {
                "aSHC": {
                    "tau2": 7.487678931431337,
                    "tau": 22.603885145554628,
                    "KA": 0.04967,
                    "subs": [
                        "SHC",
                        "aEGFR",
                        "aEGFR"
                    ]
                }
            }
        },
        "Ras_g": {
            "Species": {
                "Ras": 0.2532,
                "Sos": 1.427,
                "aRas": 0.003596,
                "aSos": 0.001
            },
            "Reacs": {
                "aSos": {
                    "tau": 5.248732230389767,
                    "KA": 0.05686,
                    "baseline": 0.0003199,
                    "subs": [
                        "Sos",
                        "aMAPK",
                        "aSHC",
                        "aSHC"
                    ],
                    "Kmod": 0.001461,
                    "Nmod": 2.0,
                    "Amod": 0.004035428485258223
                },
                "aRas": {
                    "tau": 30.541010551883797,
                    "KA": 0.802,
                    "baseline": 0.007399,
                    "subs": [
                        "Ras",
                        "aSos"
                    ]
                }
            }
        },
        "MAPK_g": {
            "Species": {
                "MAPK": 0.3699,
                "craf1": 0.5018,
                "aMAPK": 0.0013,
                "acraf1": 0.003545
            },
            "Reacs": {
                "aMAPK": {
                    "tau": 59.725981998982554,
                    "KA": 0.4076,
                    "baseline": 0.0008633,
                    "subs": [
                        "MAPK",
                        "acraf1",
                        "acraf1"
                    ]
                },
                "acraf1": {
                    "tau": 2.362420273891046,
                    "KA": 0.1498,
                    "baseline": 0.01559,
                    "subs": [
                        "craf1",
                        "aRas",
                        "aRas"
                    ]
                }
            }
        }
    },
    "Constants": {
        "PRas": 0.125,
        "PSHC": 0.3
    }
}