{
    "FileType": "HillTau",
    "Version": "1.0",
    "Author": "US Bhalla, mapping to D4 model adapted from Nisha Viswan",
    "Description": "EGF stimulation of MAPK",
    "QuantityUnits": "uM",
    "Comment": "Time units are seconds",
    "Groups": {
        "EGFR_g": {
            "Species": {
                "EGFR": 0.8247,
                "egf": 3.642e-06,
                "aEGFR": 0.001
            },
            "Reacs": {
                "intEGFR": {
                    "tau": 734.4106240153578,
                    "KA": 0.009986934480640343,
                    "subs": [
                        "aEGFR"
                    ]
                },
                "aEGFR": {
                    "tau": 133.21561524727574,
                    "KA": 0.02482,
                    "baseline": 0.0008634,
                    "Kmod": 0.08181,
                    "Nmod": 1,
                    "Amod": 2.6369472589919704e-08,
                    "subs": [
                        "EGFR",
                        "intEGFR",
                        "egf"
                    ]
                }
            }
        },
        "SHC_g": {
            "Species": {
                "SHC": 1.594
            },
            "Reacs": {
                "aSHC": {
                    "tau2": 14.827194647430419,
                    "tau": 5.412860776733332,
                    "KA": 0.08154,
                    "subs": [
                        "SHC",
                        "aEGFR",
                        "aEGFR"
                    ]
                }
            }
        },
        "Ras_g": {
            "Species": {
                "Ras": 1.415,
                "Sos": 1.713,
                "aRas": 0.003596,
                "aSos": 0.001
            },
            "Reacs": {
                "aSos": {
                    "tau": 5.826480646413523,
                    "KA": 0.07107,
                    "baseline": 0.002794,
                    "subs": [
                        "Sos",
                        "aMAPK",
                        "aSHC",
                        "aSHC"
                    ],
                    "Kmod": 0.005575,
                    "Nmod": 2.0,
                    "Amod": 0.006442405846745733
                },
                "aRas": {
                    "tau": 37.175873539231596,
                    "KA": 0.02193,
                    "baseline": 0.03546,
                    "subs": [
                        "Ras",
                        "aSos"
                    ]
                }
            }
        },
        "MAPK_g": {
            "Species": {
                "MAPK": 4.073,
                "craf1": 0.7426,
                "aMAPK": 0.0013,
                "acraf1": 0.003545
            },
            "Reacs": {
                "aMAPK": {
                    "tau": 31.925650439100682,
                    "KA": 0.6033,
                    "baseline": 0.001994,
                    "subs": [
                        "MAPK",
                        "acraf1",
                        "acraf1"
                    ]
                },
                "acraf1": {
                    "tau": 36.75779452758651,
                    "KA": 2.856,
                    "baseline": 0.004714,
                    "subs": [
                        "craf1",
                        "aRas",
                        "aRas"
                    ]
                }
            }
        }
    },
    "Constants": {
        "PRas": 0.125,
        "PSHC": 0.3
    }
}