{
    "FileType": "HillTau",
    "Version": "1.0",
    "Author": "US Bhalla, mapping to D4 model adapted from Nisha Viswan",
    "Description": "EGF stimulation of MAPK",
    "QuantityUnits": "uM",
    "Comment": "Time units are seconds",
    "Groups": {
        "EGFR_g": {
            "Species": {
                "EGFR": 0.203,
                "egf": 8.923e-06,
                "aEGFR": 0.001
            },
            "Reacs": {
                "intEGFR": {
                    "tau": 996.2491960354344,
                    "KA": 0.05203270938689655,
                    "subs": [
                        "aEGFR"
                    ]
                },
                "aEGFR": {
                    "tau": 86.06648674973668,
                    "KA": 0.009728,
                    "baseline": 0.001374,
                    "Kmod": 0.02663,
                    "Nmod": 1,
                    "Amod": 1.0121510018879008e-07,
                    "subs": [
                        "EGFR",
                        "intEGFR",
                        "egf"
                    ]
                }
            }
        },
        "SHC_g": {
            "Species": {
                "SHC": 0.4159
            },
            "Reacs": {
                "aSHC": {
                    "tau2": 5.160138818104566,
                    "tau": 27.406098234386782,
                    "KA": 0.02786,
                    "subs": [
                        "SHC",
                        "aEGFR",
                        "aEGFR"
                    ]
                }
            }
        },
        "Ras_g": {
            "Species": {
                "Ras": 0.5873,
                "Sos": 0.2952,
                "aRas": 0.003596,
                "aSos": 0.001
            },
            "Reacs": {
                "aSos": {
                    "tau": 10.976667037777853,
                    "KA": 0.04551,
                    "baseline": 0.001958,
                    "subs": [
                        "Sos",
                        "aMAPK",
                        "aSHC",
                        "aSHC"
                    ],
                    "Kmod": 0.002313,
                    "Nmod": 2.0,
                    "Amod": 0.007418164571393687
                },
                "aRas": {
                    "tau": 26.939045321289633,
                    "KA": 0.07152,
                    "baseline": 0.004988,
                    "subs": [
                        "Ras",
                        "aSos"
                    ]
                }
            }
        },
        "MAPK_g": {
            "Species": {
                "MAPK": 0.3897,
                "craf1": 0.1901,
                "aMAPK": 0.0013,
                "acraf1": 0.003545
            },
            "Reacs": {
                "aMAPK": {
                    "tau": 37.40456337987458,
                    "KA": 0.1679,
                    "baseline": 0.001288,
                    "subs": [
                        "MAPK",
                        "acraf1",
                        "acraf1"
                    ]
                },
                "acraf1": {
                    "tau": 47.174156481500944,
                    "KA": 0.3356,
                    "baseline": 0.002934,
                    "subs": [
                        "craf1",
                        "aRas",
                        "aRas"
                    ]
                }
            }
        }
    },
    "Constants": {
        "PRas": 0.125,
        "PSHC": 0.3
    }
}