{
    "FileType": "HillTau",
    "Version": "1.0",
    "Author": "US Bhalla, mapping to D4 model adapted from Nisha Viswan",
    "Description": "EGF stimulation of MAPK",
    "QuantityUnits": "uM",
    "Comment": "Time units are seconds",
    "Groups": {
        "EGFR_g": {
            "Species": {
                "EGFR": 0.1841,
                "egf": 7.778e-06,
                "aEGFR": 0.001
            },
            "Reacs": {
                "intEGFR": {
                    "tau": 907.0002026181463,
                    "KA": 0.05360844664968584,
                    "subs": [
                        "aEGFR"
                    ]
                },
                "aEGFR": {
                    "tau": 93.41126285358254,
                    "KA": 0.007121,
                    "baseline": 0.001137,
                    "Kmod": 0.02174,
                    "Nmod": 1,
                    "Amod": 6.726592061939462e-08,
                    "subs": [
                        "EGFR",
                        "intEGFR",
                        "egf"
                    ]
                }
            }
        },
        "SHC_g": {
            "Species": {
                "SHC": 0.3182
            },
            "Reacs": {
                "aSHC": {
                    "tau2": 2.508016851834381,
                    "tau": 21.550335222374414,
                    "KA": 0.0259,
                    "subs": [
                        "SHC",
                        "aEGFR",
                        "aEGFR"
                    ]
                }
            }
        },
        "Ras_g": {
            "Species": {
                "Ras": 0.902,
                "Sos": 0.1381,
                "aRas": 0.003596,
                "aSos": 0.001
            },
            "Reacs": {
                "aSos": {
                    "tau": 25.220594234202203,
                    "KA": 0.0301,
                    "baseline": 0.0008834,
                    "subs": [
                        "Sos",
                        "aMAPK",
                        "aSHC",
                        "aSHC"
                    ],
                    "Kmod": 0.0007622,
                    "Nmod": 2.0,
                    "Amod": 0.006689065741301894
                },
                "aRas": {
                    "tau": 17.539305095635907,
                    "KA": 0.0552,
                    "baseline": 0.008668,
                    "subs": [
                        "Ras",
                        "aSos"
                    ]
                }
            }
        },
        "MAPK_g": {
            "Species": {
                "MAPK": 0.148,
                "craf1": 0.0904,
                "aMAPK": 0.0013,
                "acraf1": 0.003545
            },
            "Reacs": {
                "aMAPK": {
                    "tau": 38.429809344256,
                    "KA": 0.09188,
                    "baseline": 0.0004629,
                    "subs": [
                        "MAPK",
                        "acraf1",
                        "acraf1"
                    ]
                },
                "acraf1": {
                    "tau": 47.329819684483475,
                    "KA": 0.3612,
                    "baseline": 0.00257,
                    "subs": [
                        "craf1",
                        "aRas",
                        "aRas"
                    ]
                }
            }
        }
    },
    "Constants": {
        "PRas": 0.125,
        "PSHC": 0.3
    }
}