{
    "FileType": "HillTau",
    "Version": "1.0",
    "Author": "US Bhalla, mapping to D4 model adapted from Nisha Viswan",
    "Description": "EGF stimulation of MAPK",
    "QuantityUnits": "uM",
    "Comment": "Time units are seconds",
    "Groups": {
        "EGFR_g": {
            "Species": {
                "EGFR": 0.2264,
                "egf": 8.163e-06,
                "aEGFR": 0.001
            },
            "Reacs": {
                "intEGFR": {
                    "tau": 884.076669309877,
                    "KA": 0.05626041968887243,
                    "subs": [
                        "aEGFR"
                    ]
                },
                "aEGFR": {
                    "tau": 93.43764920670151,
                    "KA": 0.009705,
                    "baseline": 0.00126,
                    "Kmod": 0.02323,
                    "Nmod": 1,
                    "Amod": 9.330945688751591e-08,
                    "subs": [
                        "EGFR",
                        "intEGFR",
                        "egf"
                    ]
                }
            }
        },
        "SHC_g": {
            "Species": {
                "SHC": 0.5183
            },
            "Reacs": {
                "aSHC": {
                    "tau2": 5.959831491849567,
                    "tau": 26.24966955502793,
                    "KA": 0.02086,
                    "subs": [
                        "SHC",
                        "aEGFR",
                        "aEGFR"
                    ]
                }
            }
        },
        "Ras_g": {
            "Species": {
                "Ras": 0.9223,
                "Sos": 0.2158,
                "aRas": 0.003596,
                "aSos": 0.001
            },
            "Reacs": {
                "aSos": {
                    "tau": 11.457066727734096,
                    "KA": 0.07988,
                    "baseline": 0.001385,
                    "subs": [
                        "Sos",
                        "aMAPK",
                        "aSHC",
                        "aSHC"
                    ],
                    "Kmod": 0.002036,
                    "Nmod": 2.0,
                    "Amod": 0.009944406804937878
                },
                "aRas": {
                    "tau": 31.294273353065414,
                    "KA": 0.107,
                    "baseline": 0.006228,
                    "subs": [
                        "Ras",
                        "aSos"
                    ]
                }
            }
        },
        "MAPK_g": {
            "Species": {
                "MAPK": 0.5512,
                "craf1": 0.1821,
                "aMAPK": 0.0013,
                "acraf1": 0.003545
            },
            "Reacs": {
                "aMAPK": {
                    "tau": 35.38440663237474,
                    "KA": 0.1934,
                    "baseline": 0.001402,
                    "subs": [
                        "MAPK",
                        "acraf1",
                        "acraf1"
                    ]
                },
                "acraf1": {
                    "tau": 47.056817295148484,
                    "KA": 0.2861,
                    "baseline": 0.003273,
                    "subs": [
                        "craf1",
                        "aRas",
                        "aRas"
                    ]
                }
            }
        }
    },
    "Constants": {
        "PRas": 0.125,
        "PSHC": 0.3
    }
}