{
    "FileType": "HillTau",
    "Version": "1.0",
    "Author": "US Bhalla, mapping to D4 model adapted from Nisha Viswan",
    "Description": "EGF stimulation of MAPK",
    "QuantityUnits": "uM",
    "Comment": "Time units are seconds",
    "Groups": {
        "EGFR_g": {
            "Species": {
                "EGFR": 0.264,
                "egf": 8.849e-06,
                "aEGFR": 0.001
            },
            "Reacs": {
                "intEGFR": {
                    "tau": 872.2658710813955,
                    "KA": 0.1136658891211438,
                    "subs": [
                        "aEGFR"
                    ]
                },
                "aEGFR": {
                    "tau": 102.199512204409,
                    "KA": 0.01014,
                    "baseline": 0.001156,
                    "Kmod": 0.009883,
                    "Nmod": 1,
                    "Amod": 8.303765321674148e-08,
                    "subs": [
                        "EGFR",
                        "intEGFR",
                        "egf"
                    ]
                }
            }
        },
        "SHC_g": {
            "Species": {
                "SHC": 0.6685
            },
            "Reacs": {
                "aSHC": {
                    "tau2": 5.9325124595051015,
                    "tau": 27.34451176062564,
                    "KA": 0.01708,
                    "subs": [
                        "SHC",
                        "aEGFR",
                        "aEGFR"
                    ]
                }
            }
        },
        "Ras_g": {
            "Species": {
                "Ras": 1.321,
                "Sos": 0.1806,
                "aRas": 0.003596,
                "aSos": 0.001
            },
            "Reacs": {
                "aSos": {
                    "tau": 5.95567305047602,
                    "KA": 0.1447,
                    "baseline": 0.001168,
                    "subs": [
                        "Sos",
                        "aMAPK",
                        "aSHC",
                        "aSHC"
                    ],
                    "Kmod": 0.002609,
                    "Nmod": 2.0,
                    "Amod": 0.011292196629932772
                },
                "aRas": {
                    "tau": 24.715730063232712,
                    "KA": 0.1844,
                    "baseline": 0.004111,
                    "subs": [
                        "Ras",
                        "aSos"
                    ]
                }
            }
        },
        "MAPK_g": {
            "Species": {
                "MAPK": 0.4975,
                "craf1": 0.1366,
                "aMAPK": 0.0013,
                "acraf1": 0.003545
            },
            "Reacs": {
                "aMAPK": {
                    "tau": 43.49917936270322,
                    "KA": 0.1002,
                    "baseline": 0.001909,
                    "subs": [
                        "MAPK",
                        "acraf1",
                        "acraf1"
                    ]
                },
                "acraf1": {
                    "tau": 61.906428268398486,
                    "KA": 0.2217,
                    "baseline": 0.001738,
                    "subs": [
                        "craf1",
                        "aRas",
                        "aRas"
                    ]
                }
            }
        }
    },
    "Constants": {
        "PRas": 0.125,
        "PSHC": 0.3
    }
}