{
    "FileType": "HillTau",
    "Version": "1.0",
    "Author": "US Bhalla, mapping to D4 model adapted from Nisha Viswan",
    "Description": "EGF stimulation of MAPK",
    "QuantityUnits": "uM",
    "Comment": "Time units are seconds",
    "Groups": {
        "EGFR_g": {
            "Species": {
                "EGFR": 0.434,
                "egf": 1.215e-05,
                "aEGFR": 0.001
            },
            "Reacs": {
                "intEGFR": {
                    "tau": 832.7459482877323,
                    "KA": 0.2177366735229793,
                    "subs": [
                        "aEGFR"
                    ]
                },
                "aEGFR": {
                    "tau": 110.05813391818151,
                    "KA": 0.01681,
                    "baseline": 0.001165,
                    "Kmod": 0.004906,
                    "Nmod": 1,
                    "Amod": 1.1847611674192209e-07,
                    "subs": [
                        "EGFR",
                        "intEGFR",
                        "egf"
                    ]
                }
            }
        },
        "SHC_g": {
            "Species": {
                "SHC": 0.1766
            },
            "Reacs": {
                "aSHC": {
                    "tau2": 1.2003898922681342,
                    "tau": 42.58148931397732,
                    "KA": 0.01894,
                    "subs": [
                        "SHC",
                        "aEGFR",
                        "aEGFR"
                    ]
                }
            }
        },
        "Ras_g": {
            "Species": {
                "Ras": 0.9698,
                "Sos": 0.3631,
                "aRas": 0.003596,
                "aSos": 0.001
            },
            "Reacs": {
                "aSos": {
                    "tau": 1.5178898344550908,
                    "KA": 0.03256,
                    "baseline": 0.001528,
                    "subs": [
                        "Sos",
                        "aMAPK",
                        "aSHC",
                        "aSHC"
                    ],
                    "Kmod": 0.002431,
                    "Nmod": 2.0,
                    "Amod": 0.007479560705591026
                },
                "aRas": {
                    "tau": 8.063934637724058,
                    "KA": 0.06745,
                    "baseline": 0.01218,
                    "subs": [
                        "Ras",
                        "aSos"
                    ]
                }
            }
        },
        "MAPK_g": {
            "Species": {
                "MAPK": 0.8081,
                "craf1": 0.5928,
                "aMAPK": 0.0013,
                "acraf1": 0.003545
            },
            "Reacs": {
                "aMAPK": {
                    "tau": 49.19111121557229,
                    "KA": 0.3154,
                    "baseline": 0.00218,
                    "subs": [
                        "MAPK",
                        "acraf1",
                        "acraf1"
                    ]
                },
                "acraf1": {
                    "tau": 13.005598382561402,
                    "KA": 0.7154,
                    "baseline": 0.003393,
                    "subs": [
                        "craf1",
                        "aRas",
                        "aRas"
                    ]
                }
            }
        }
    },
    "Constants": {
        "PRas": 0.125,
        "PSHC": 0.3
    }
}