{
    "FileType": "HillTau",
    "Version": "1.0",
    "Author": "US Bhalla, mapping to D4 model adapted from Nisha Viswan",
    "Description": "EGF stimulation of MAPK",
    "QuantityUnits": "uM",
    "Comment": "Time units are seconds",
    "Groups": {
        "EGFR_g": {
            "Species": {
                "EGFR": 0.1667,
                "egf": 1e-05
            },
            "Reacs": {
                "intEGFR": {
                    "tau": 2400.458975837976,
                    "KA": 0.04217133281258332,
                    "subs": [
                        "aEGFR"
                    ]
                },
                "aEGFR": {
                    "tau": 73.33578552701947,
                    "KA": 0.006234,
                    "baseline": 0.001285,
                    "Kmod": 0.0136,
                    "Nmod": 1,
                    "Amod": 9.999686724490305e-08,
                    "subs": [
                        "EGFR",
                        "intEGFR",
                        "egf"
                    ]
                }
            }
        },
        "SHC_g": {
            "Species": {
                "SHC": 1.019
            },
            "Reacs": {
                "aSHC": {
                    "tau2": 11.815940862148658,
                    "tau": 30.302158444804373,
                    "KA": 0.03362,
                    "subs": [
                        "SHC",
                        "aEGFR",
                        "aEGFR"
                    ]
                }
            }
        },
        "Ras_g": {
            "Species": {
                "Ras": 0.8983,
                "Sos": 0.2256
            },
            "Reacs": {
                "aSos": {
                    "tau": 15.332075110432251,
                    "KA": 0.03753,
                    "baseline": 0.001463,
                    "subs": [
                        "Sos",
                        "aMAPK",
                        "aSHC",
                        "aSHC"
                    ],
                    "Kmod": 0.002728,
                    "Nmod": 2.0,
                    "Amod": 0.0015135866833131915
                },
                "aRas": {
                    "tau": 26.443828156913916,
                    "KA": 0.0807,
                    "baseline": 0.005815,
                    "subs": [
                        "Ras",
                        "aSos"
                    ]
                }
            }
        },
        "MAPK_g": {
            "Species": {
                "MAPK": 0.3851,
                "craf1": 0.1577
            },
            "Reacs": {
                "aMAPK": {
                    "tau": 34.164292653799,
                    "KA": 0.1032,
                    "baseline": 0.001298,
                    "subs": [
                        "MAPK",
                        "acraf1",
                        "acraf1"
                    ]
                },
                "acraf1": {
                    "tau": 48.39934524661164,
                    "KA": 0.5576,
                    "baseline": 0.005147,
                    "subs": [
                        "craf1",
                        "aRas",
                        "aRas"
                    ]
                }
            }
        }
    },
    "Constants": {
        "PRas": 0.125,
        "PSHC": 0.3
    }
}